team_name,player_name,16-10-24,17-10-24,18-10-24,19-10-24,20-10-24,22-10-24,23-10-24,24-10-24,25-10-24,26-10-24,27-10-24,29-10-24,30-10-24,31-10-24,01-11-24,02-11-24,03-11-24,05-11-24,06-11-24,07-11-24,08-11-24,09-11-24,10-11-24,12-11-24,13-11-24,14-11-24,15-11-24,Lanzamientos Totales
MOC,Lupe Chavez,0,36P 27S 9B<br>0ER 3H,0,0,22P 13S 9B<br>3ER 3H,0,0,0,14P 9S 5B<br>0ER 1H,37P 25S 12B<br>0ER 2H,0,0,13P 11S 2B<br>1ER 2H,0,47P 28S 19B<br>0ER 0H,0,0,0,0,39P 28S 11B<br>0ER 2H,0,0,7P 5S 2B<br>1ER 1H,0,30P 19S 11B<br>0ER 0H,0,29P 20S 9B<br>0ER 2H,274
HER,Ricky Karcher,0,13P 11S 2B<br>0ER 1H,0,10P 8S 2B<br>0ER 0H,23P 15S 8B<br>0ER 2H,13P 11S 2B<br>0ER 1H,0,17P 12S 5B<br>0ER 0H,0,19P 12S 7B<br>0ER 0H,20P 9S 11B<br>0ER 1H,13P 10S 3B<br>0ER 0H,0,30P 18S 12B<br>0ER 1H,0,0,33P 18S 15B<br>0ER 1H,0,0,29P 20S 9B<br>0ER 2H,0,0,30P 15S 15B<br>0ER 0H,0,17P 11S 6B<br>0ER 0H,0,0,267
HER,A.J. Puckett,0,0,0,0,32P 18S 14B<br>0ER 0H,27P 18S 9B<br>0ER 1H,0,12P 8S 4B<br>0ER 1H,8P 8S 0B<br>0ER 1H,0,29P 18S 11B<br>2ER 3H,22P 13S 9B<br>0ER 0H,0,18P 10S 8B<br>0ER 0H,0,7P 5S 2B<br>0ER 1H,0,24P 12S 12B<br>0ER 1H,0,0,0,20P 15S 5B<br>0ER 1H,0,21P 12S 9B<br>2ER 1H,0,24P 16S 8B<br>0ER 2H,0,244
OBR,Felipe Gonzalez,18P 10S 8B<br>1ER 1H,0,0,0,21P 11S 10B<br>0ER 1H,29P 18S 11B<br>2ER 2H,0,0,18P 10S 8B<br>0ER 1H,0,16P 9S 7B<br>0ER 1H,0,20P 11S 9B<br>0ER 0H,9P 4S 5B<br>0ER 0H,0,0,0,20P 12S 8B<br>0ER 1H,15P 10S 5B<br>1ER 2H,0,0,17P 11S 6B<br>1ER 2H,19P 9S 10B<br>0ER 0H,13P 8S 5B<br>0ER 0H,0,24P 11S 13B<br>1ER 1H,0,239
MOC,Irving Machuca,17P 8S 9B<br>0ER 1H,0,0,19P 11S 8B<br>2ER 2H,0,25P 15S 10B<br>0ER 0H,0,0,0,16P 11S 5B<br>0ER 0H,27P 15S 12B<br>0ER 1H,0,25P 17S 8B<br>1ER 2H,0,19P 13S 6B<br>0ER 2H,0,17P 9S 8B<br>0ER 0H,18P 12S 6B<br>0ER 2H,0,26P 15S 11B<br>0ER 1H,0,10P 7S 3B<br>0ER 1H,0,17P 10S 7B<br>0ER 0H,0,0,0,236
OBR,Zach Willeman,0,9P 7S 2B<br>0ER 0H,0,30P 20S 10B<br>0ER 1H,11P 8S 3B<br>0ER 1H,25P 18S 7B<br>0ER 2H,0,0,29P 15S 14B<br>3ER 3H,0,14P 5S 9B<br>0ER 0H,0,0,10P 6S 4B<br>0ER 1H,14P 9S 5B<br>2ER 3H,0,0,22P 7S 15B<br>3ER 0H,0,0,24P 16S 8B<br>0ER 0H,0,22P 10S 12B<br>0ER 0H,6P 4S 2B<br>0ER 0H,16P 10S 6B<br>3ER 3H,0,0,232
MXC,Jake Sanchez,0,0,20P 12S 8B<br>0ER 0H,17P 11S 6B<br>0ER 0H,0,0,0,25P 14S 11B<br>0ER 1H,0,11P 7S 4B<br>0ER 1H,14P 7S 7B<br>0ER 0H,24P 11S 13B<br>0ER 0H,26P 16S 10B<br>0ER 1H,0,15P 9S 6B<br>0ER 0H,14P 10S 4B<br>0ER 0H,0,15P 10S 5B<br>0ER 0H,0,0,0,17P 13S 4B<br>0ER 0H,0,10P 7S 3B<br>0ER 0H,18P 11S 7B<br>0ER 1H,0,0,226
NAV,Charlie Hasty,10P 8S 2B<br>0ER 0H,11P 7S 4B<br>0ER 0H,0,0,18P 13S 5B<br>0ER 1H,18P 12S 6B<br>0ER 0H,0,0,0,32P 14S 18B<br>1ER 1H,0,0,0,22P 12S 10B<br>0ER 1H,0,15P 11S 4B<br>0ER 0H,23P 12S 11B<br>0ER 0H,0,19P 12S 7B<br>0ER 0H,0,0,13P 10S 3B<br>0ER 2H,0,26P 15S 11B<br>1ER 1H,0,0,12P 8S 4B<br>0ER 1H,219
GSV,Carlos Morales,0,0,0,0,32P 19S 13B<br>0ER 2H,0,0,24P 14S 10B<br>0ER 1H,0,0,21P 12S 9B<br>0ER 0H,0,25P 15S 10B<br>0ER 0H,0,0,0,13P 10S 3B<br>0ER 0H,20P 9S 11B<br>1ER 1H,0,33P 15S 18B<br>0ER 0H,0,0,0,0,19P 9S 10B<br>0ER 1H,0,28P 19S 9B<br>1ER 1H,215
CUL,Sasagi Sanchez,11P 6S 5B<br>0ER 0H,0,14P 12S 2B<br>0ER 0H,25P 17S 8B<br>2ER 2H,0,16P 11S 5B<br>1ER 2H,16P 12S 4B<br>0ER 0H,0,9P 7S 2B<br>0ER 0H,11P 7S 4B<br>0ER 0H,0,20P 11S 9B<br>0ER 0H,0,16P 12S 4B<br>0ER 1H,13P 8S 5B<br>0ER 0H,0,10P 7S 3B<br>0ER 0H,0,13P 9S 4B<br>0ER 1H,0,14P 8S 6B<br>0ER 0H,16P 10S 6B<br>0ER 0H,0,0,10P 7S 3B<br>0ER 0H,0,0,214
GSV,Ivan Izaguirre,0,29P 19S 10B<br>0ER 0H,0,0,16P 10S 6B<br>0ER 0H,0,23P 14S 9B<br>2ER 2H,27P 17S 10B<br>1ER 1H,0,9P 3S 6B<br>0ER 2H,0,3P 3S 0B<br>1ER 1H,0,0,0,0,0,31P 15S 16B<br>1ER 2H,0,0,0,35P 18S 17B<br>0ER 0H,0,0,0,0,40P 29S 11B<br>3ER 4H,213
MOC,Fabian Cota,11P 7S 4B<br>0ER 0H,0,0,33P 20S 13B<br>0ER 2H,0,11P 9S 2B<br>0ER 0H,5P 3S 2B<br>0ER 0H,0,0,0,17P 13S 4B<br>0ER 2H,0,12P 8S 4B<br>0ER 0H,0,20P 14S 6B<br>0ER 2H,0,14P 10S 4B<br>0ER 0H,0,17P 14S 3B<br>0ER 1H,0,31P 21S 10B<br>0ER 3H,0,22P 12S 10B<br>0ER 0H,0,0,12P 7S 5B<br>0ER 0H,0,205
GSV,Victor Buelna,0,27P 19S 8B<br>0ER 2H,0,0,17P 13S 4B<br>1ER 2H,0,35P 22S 13B<br>1ER 1H,0,21P 16S 5B<br>0ER 1H,0,29P 17S 12B<br>0ER 2H,0,0,15P 8S 7B<br>0ER 0H,0,0,0,0,0,0,0,25P 14S 11B<br>0ER 0H,0,0,0,0,35P 23S 12B<br>3ER 6H,204
MTY,Norman Elenes,0,0,16P 12S 4B<br>0ER 2H,10P 7S 3B<br>0ER 0H,20P 7S 13B<br>1ER 1H,0,23P 8S 15B<br>1ER 0H,0,0,3P 3S 0B<br>0ER 0H,0,21P 10S 11B<br>0ER 2H,12P 6S 6B<br>0ER 1H,0,0,19P 7S 12B<br>0ER 0H,11P 8S 3B<br>0ER 2H,0,14P 8S 6B<br>4ER 3H,0,0,20P 13S 7B<br>0ER 2H,0,29P 17S 12B<br>2ER 0H,0,6P 3S 3B<br>0ER 1H,0,204
OBR,Daniel De La Fuente,0,0,36P 21S 15B<br>0ER 0H,0,0,0,20P 12S 8B<br>0ER 1H,0,0,27P 14S 13B<br>0ER 1H,0,0,29P 20S 9B<br>0ER 1H,0,0,0,0,21P 11S 10B<br>0ER 1H,0,0,0,65P 32S 33B<br>1ER 2H,0,0,0,0,0,198
MAZ,J.P. Woodward,6P 4S 2B<br>0ER 0H,0,0,0,22P 13S 9B<br>1ER 2H,13P 9S 4B<br>3ER 3H,9P 1S 8B<br>0ER 0H,0,10P 9S 1B<br>0ER 1H,0,11P 8S 3B<br>0ER 0H,13P 8S 5B<br>0ER 1H,11P 6S 5B<br>0ER 0H,0,0,20P 16S 4B<br>2ER 4H,5P 3S 2B<br>0ER 1H,0,0,32P 18S 14B<br>0ER 1H,0,12P 7S 5B<br>0ER 0H,0,16P 8S 8B<br>2ER 1H,13P 10S 3B<br>0ER 1H,0,0,193
MAZ,Hector Villalobos,3P 1S 2B<br>0ER 0H,0,0,0,0,18P 12S 6B<br>0ER 1H,19P 15S 4B<br>0ER 0H,0,0,34P 17S 17B<br>1ER 1H,0,0,0,9P 6S 3B<br>1ER 1H,0,16P 8S 8B<br>0ER 0H,0,26P 14S 12B<br>0ER 2H,0,7P 4S 3B<br>0ER 1H,0,0,9P 6S 3B<br>0ER 1H,0,0,51P 27S 24B<br>3ER 2H,0,192
MXC,Angel Lopez,0,0,0,0,19P 13S 6B<br>0ER 0H,17P 13S 4B<br>1ER 2H,0,0,22P 12S 10B<br>0ER 0H,0,6P 3S 3B<br>0ER 1H,0,0,27P 16S 11B<br>1ER 1H,0,0,0,7P 4S 3B<br>0ER 0H,0,37P 23S 14B<br>1ER 4H,0,24P 11S 13B<br>1ER 2H,0,9P 3S 6B<br>0ER 0H,6P 3S 3B<br>0ER 0H,18P 13S 5B<br>0ER 1H,0,192
MAZ,Erick Casillas,10P 8S 2B<br>0ER 0H,0,0,3P 3S 0B<br>0ER 1H,3P 3S 0B<br>0ER 1H,0,16P 7S 9B<br>0ER 1H,0,25P 12S 13B<br>1ER 1H,0,8P 5S 3B<br>0ER 0H,14P 6S 8B<br>0ER 0H,21P 12S 9B<br>2ER 2H,0,0,0,21P 11S 10B<br>0ER 1H,0,0,0,23P 15S 8B<br>0ER 1H,19P 11S 8B<br>0ER 0H,0,23P 15S 8B<br>0ER 2H,0,0,3P 3S 0B<br>0ER 0H,189
OBR,Samuel Zazueta,0,11P 5S 6B<br>0ER 0H,0,9P 5S 4B<br>0ER 0H,0,0,13P 8S 5B<br>0ER 2H,0,0,13P 8S 5B<br>0ER 1H,17P 11S 6B<br>0ER 2H,0,15P 10S 5B<br>0ER 1H,11P 8S 3B<br>0ER 1H,0,16P 9S 7B<br>0ER 0H,0,0,14P 9S 5B<br>0ER 2H,0,0,3P 2S 1B<br>0ER 0H,27P 13S 14B<br>0ER 1H,19P 13S 6B<br>0ER 1H,0,20P 9S 11B<br>0ER 0H,0,188
NAV,Esteban Bloch,16P 9S 7B<br>0ER 0H,0,0,22P 13S 9B<br>0ER 0H,23P 15S 8B<br>1ER 3H,6P 4S 2B<br>0ER 1H,8P 5S 3B<br>0ER 1H,9P 6S 3B<br>2ER 2H,0,0,20P 14S 6B<br>2ER 2H,0,16P 11S 5B<br>0ER 1H,0,0,0,8P 7S 1B<br>0ER 1H,56P 30S 26B<br>3ER 3H,0,0,0,0,0,0,0,0,0,184
MOC,Luis Gastelum,0,0,13P 11S 2B<br>0ER 1H,3P 3S 0B<br>0ER 1H,0,0,23P 17S 6B<br>0ER 1H,0,0,17P 14S 3B<br>0ER 1H,0,19P 12S 7B<br>0ER 0H,0,15P 11S 4B<br>0ER 0H,0,31P 24S 7B<br>0ER 2H,0,9P 9S 0B<br>0ER 0H,11P 8S 3B<br>0ER 0H,0,15P 14S 1B<br>1ER 2H,0,0,12P 8S 4B<br>0ER 0H,0,16P 10S 6B<br>0ER 0H,0,184
CUL,Fernando Olguin,0,15P 10S 5B<br>0ER 1H,0,23P 13S 10B<br>0ER 0H,0,0,31P 18S 13B<br>0ER 0H,0,0,0,14P 8S 6B<br>0ER 1H,17P 12S 5B<br>0ER 0H,0,0,12P 8S 4B<br>0ER 0H,0,0,22P 17S 5B<br>0ER 0H,0,7P 6S 1B<br>0ER 0H,0,0,17P 10S 7B<br>1ER 1H,0,0,26P 14S 12B<br>0ER 0H,0,184
MTY,Matt Turner,0,0,16P 10S 6B<br>0ER 2H,8P 7S 1B<br>0ER 0H,0,23P 14S 9B<br>1ER 2H,0,0,0,1P 0S 1B<br>0ER 0H,13P 9S 4B<br>0ER 0H,0,18P 13S 5B<br>0ER 1H,0,0,24P 17S 7B<br>0ER 1H,12P 8S 4B<br>0ER 0H,0,0,30P 18S 12B<br>1ER 2H,0,0,0,21P 15S 6B<br>0ER 2H,0,14P 9S 5B<br>0ER 0H,2P 2S 0B<br>0ER 0H,182
MXC,Eli Villalobos,20P 12S 8B<br>0ER 1H,0,0,11P 8S 3B<br>0ER 0H,9P 6S 3B<br>1ER 2H,0,17P 8S 9B<br>0ER 0H,6P 4S 2B<br>0ER 1H,0,8P 4S 4B<br>0ER 0H,15P 9S 6B<br>1ER 1H,0,11P 9S 2B<br>1ER 2H,0,0,0,0,15P 11S 4B<br>0ER 0H,0,6P 3S 3B<br>0ER 1H,0,17P 9S 8B<br>0ER 0H,10P 6S 4B<br>0ER 0H,21P 9S 12B<br>0ER 0H,16P 12S 4B<br>1ER 1H,0,0,182
GSV,Fabian Anguamea,18P 12S 6B<br>0ER 1H,0,0,13P 8S 5B<br>0ER 0H,0,22P 16S 6B<br>0ER 0H,0,0,0,0,13P 10S 3B<br>0ER 0H,0,0,14P 6S 8B<br>1ER 1H,0,24P 17S 7B<br>0ER 1H,0,3P 2S 1B<br>0ER 0H,0,0,17P 10S 7B<br>0ER 1H,0,0,15P 9S 6B<br>0ER 0H,0,42P 24S 18B<br>0ER 1H,0,181
NAV,Carlos Bustamante,0,9P 6S 3B<br>0ER 0H,0,0,9P 5S 4B<br>0ER 0H,26P 17S 9B<br>0ER 0H,0,0,0,23P 14S 9B<br>0ER 3H,0,18P 10S 8B<br>1ER 2H,0,8P 7S 1B<br>0ER 0H,0,15P 11S 4B<br>0ER 1H,0,0,13P 8S 5B<br>0ER 0H,0,0,14P 8S 6B<br>1ER 2H,0,9P 6S 3B<br>0ER 0H,14P 11S 3B<br>1ER 2H,0,21P 14S 7B<br>2ER 2H,179
CUL,Stephen Nogosek,16P 11S 5B<br>0ER 1H,0,17P 13S 4B<br>0ER 1H,8P 8S 0B<br>0ER 1H,0,15P 9S 6B<br>0ER 1H,20P 12S 8B<br>0ER 1H,0,11P 9S 2B<br>0ER 0H,0,22P 15S 7B<br>0ER 1H,9P 6S 3B<br>0ER 0H,0,0,0,11P 8S 3B<br>0ER 1H,13P 9S 4B<br>0ER 0H,0,0,0,0,13P 10S 3B<br>0ER 0H,12P 10S 2B<br>0ER 0H,0,10P 8S 2B<br>0ER 1H,0,0,177
GSV,Juan Cossio,19P 15S 4B<br>0ER 1H,0,0,0,18P 15S 3B<br>0ER 1H,0,27P 15S 12B<br>0ER 0H,0,0,8P 7S 1B<br>0ER 1H,0,0,0,0,0,33P 24S 9B<br>0ER 1H,0,0,7P 6S 1B<br>0ER 0H,0,0,21P 12S 9B<br>1ER 2H,0,0,23P 14S 9B<br>0ER 1H,0,19P 13S 6B<br>1ER 2H,175
MXC,Jesus Cruz,0,0,9P 8S 1B<br>0ER 0H,31P 19S 12B<br>0ER 0H,0,18P 9S 9B<br>0ER 0H,0,23P 16S 7B<br>0ER 1H,0,20P 11S 9B<br>0ER 0H,14P 9S 5B<br>0ER 0H,0,21P 13S 8B<br>0ER 0H,0,17P 11S 6B<br>0ER 0H,22P 12S 10B<br>1ER 1H,0,0,0,0,0,0,0,0,0,0,0,175
NAV,Jorge Sauceda,23P 15S 8B<br>2ER 2H,0,0,22P 9S 13B<br>2ER 2H,0,6P 4S 2B<br>0ER 1H,0,0,0,0,16P 9S 7B<br>0ER 1H,0,0,0,0,0,28P 14S 14B<br>0ER 1H,0,0,42P 22S 20B<br>2ER 3H,0,0,32P 22S 10B<br>0ER 1H,0,0,0,0,169
CUL,CD Pelham,10P 3S 7B<br>0ER 1H,0,4P 2S 2B<br>0ER 0H,8P 6S 2B<br>2ER 1H,0,5P 3S 2B<br>0ER 0H,15P 9S 6B<br>0ER 0H,0,15P 9S 6B<br>0ER 1H,20P 14S 6B<br>0ER 2H,0,0,0,21P 10S 11B<br>0ER 0H,0,10P 9S 1B<br>0ER 0H,0,0,18P 7S 11B<br>0ER 0H,0,0,17P 11S 6B<br>1ER 3H,12P 9S 3B<br>0ER 0H,0,13P 11S 2B<br>0ER 1H,0,0,168
MTY,Nestor Anguamea,11P 3S 8B<br>0ER 1H,0,0,7P 4S 3B<br>0ER 0H,14P 9S 5B<br>0ER 1H,0,21P 12S 9B<br>0ER 2H,0,10P 6S 4B<br>2ER 3H,9P 5S 4B<br>0ER 1H,0,0,12P 8S 4B<br>1ER 1H,13P 6S 7B<br>2ER 1H,0,7P 3S 4B<br>0ER 1H,17P 9S 8B<br>0ER 0H,0,23P 11S 12B<br>3ER 1H,0,0,12P 8S 4B<br>0ER 1H,0,0,0,0,11P 5S 6B<br>0ER 0H,167
MXC,Trevor Kuncl,0,0,0,14P 9S 5B<br>0ER 0H,0,26P 16S 10B<br>0ER 1H,0,34P 19S 15B<br>1ER 1H,0,18P 14S 4B<br>0ER 1H,10P 9S 1B<br>0ER 0H,11P 8S 3B<br>0ER 0H,8P 5S 3B<br>0ER 0H,0,14P 10S 4B<br>0ER 0H,14P 8S 6B<br>0ER 0H,0,18P 10S 8B<br>0ER 2H,0,0,0,0,0,0,0,0,0,167
MXC,Daniel Cruz,0,0,0,0,0,0,16P 10S 6B<br>1ER 1H,0,15P 10S 5B<br>0ER 1H,0,7P 5S 2B<br>0ER 0H,33P 21S 12B<br>1ER 2H,0,0,0,0,0,0,14P 9S 5B<br>0ER 1H,15P 9S 6B<br>2ER 1H,0,29P 19S 10B<br>0ER 0H,0,25P 16S 9B<br>0ER 1H,0,11P 9S 2B<br>0ER 0H,0,165
NAV,Edwyn Valle,9P 6S 3B<br>0ER 0H,0,0,7P 5S 2B<br>0ER 0H,0,12P 10S 2B<br>0ER 0H,0,16P 8S 8B<br>2ER 2H,0,0,0,7P 5S 2B<br>0ER 0H,0,0,0,0,25P 17S 8B<br>0ER 0H,21P 14S 7B<br>1ER 1H,0,0,51P 31S 20B<br>3ER 4H,0,0,0,16P 8S 8B<br>1ER 1H,0,0,164
GSV,Dan Kubiuk,0,0,0,8P 7S 1B<br>0ER 0H,0,0,16P 9S 7B<br>1ER 2H,0,24P 16S 8B<br>0ER 0H,11P 6S 5B<br>0ER 0H,0,0,0,0,12P 10S 2B<br>0ER 0H,9P 8S 1B<br>0ER 0H,16P 11S 5B<br>0ER 1H,0,20P 14S 6B<br>0ER 0H,0,11P 8S 3B<br>0ER 0H,0,14P 7S 7B<br>0ER 1H,0,10P 6S 4B<br>0ER 0H,9P 9S 0B<br>0ER 1H,0,160
NAV,Jose Carlos Medina,0,0,0,38P 23S 15B<br>0ER 2H,0,3P 1S 2B<br>0ER 0H,0,10P 7S 3B<br>1ER 1H,18P 13S 5B<br>2ER 3H,0,0,0,4P 3S 1B<br>0ER 0H,0,0,0,0,50P 27S 23B<br>2ER 4H,0,0,0,0,14P 9S 5B<br>2ER 2H,0,0,22P 12S 10B<br>0ER 0H,0,159
HER,Tayron Guerrero,0,0,0,10P 8S 2B<br>0ER 0H,18P 10S 8B<br>0ER 0H,30P 22S 8B<br>0ER 1H,0,0,22P 16S 6B<br>0ER 1H,0,16P 14S 2B<br>0ER 1H,0,29P 17S 12B<br>0ER 1H,0,0,0,0,0,0,0,0,0,0,32P 23S 9B<br>0ER 0H,0,0,0,157
MTY,Alexis Vera,0,0,0,15P 8S 7B<br>0ER 0H,19P 11S 8B<br>1ER 1H,19P 12S 7B<br>0ER 2H,0,0,20P 11S 9B<br>0ER 1H,0,0,19P 12S 7B<br>0ER 1H,0,11P 7S 4B<br>0ER 1H,0,0,0,41P 22S 19B<br>3ER 6H,0,0,0,0,0,0,0,0,11P 5S 6B<br>0ER 0H,155
GSV,Rafael Cordova,14P 10S 4B<br>0ER 1H,0,0,19P 11S 8B<br>0ER 1H,0,7P 4S 3B<br>0ER 0H,0,15P 11S 4B<br>1ER 1H,10P 8S 2B<br>0ER 0H,13P 10S 3B<br>3ER 2H,0,0,7P 7S 0B<br>0ER 0H,10P 9S 1B<br>2ER 2H,0,0,10P 8S 2B<br>0ER 0H,0,7P 6S 1B<br>0ER 0H,2P 1S 1B<br>0ER 0H,0,0,16P 11S 5B<br>0ER 0H,0,25P 16S 9B<br>0ER 0H,0,0,155
MOC,Miguel Vazquez,8P 6S 2B<br>0ER 0H,0,12P 8S 4B<br>0ER 0H,0,17P 9S 8B<br>1ER 1H,0,28P 15S 13B<br>2ER 2H,0,8P 5S 3B<br>0ER 0H,0,0,10P 5S 5B<br>0ER 0H,11P 7S 4B<br>0ER 0H,0,13P 9S 4B<br>0ER 0H,0,0,13P 8S 5B<br>0ER 1H,4P 2S 2B<br>0ER 0H,0,0,14P 11S 3B<br>0ER 0H,7P 4S 3B<br>1ER 2H,0,10P 6S 4B<br>2ER 2H,0,0,155
JAL,Mario Meza,0,0,16P 6S 10B<br>1ER 1H,0,15P 9S 6B<br>0ER 0H,0,19P 14S 5B<br>0ER 0H,0,9P 5S 4B<br>1ER 3H,0,16P 11S 5B<br>0ER 0H,0,0,20P 13S 7B<br>0ER 1H,0,0,15P 9S 6B<br>0ER 2H,0,0,12P 10S 2B<br>0ER 0H,2P 2S 0B<br>0ER 0H,7P 5S 2B<br>0ER 0H,0,8P 7S 1B<br>0ER 0H,0,12P 8S 4B<br>0ER 2H,0,151
MTY,Mario Perez,0,0,0,18P 10S 8B<br>0ER 0H,0,7P 3S 4B<br>0ER 1H,0,4P 4S 0B<br>0ER 0H,6P 3S 3B<br>0ER 0H,0,0,26P 16S 10B<br>0ER 4H,0,0,0,0,0,40P 24S 16B<br>2ER 2H,0,0,21P 11S 10B<br>0ER 1H,0,0,0,10P 6S 4B<br>0ER 0H,0,19P 11S 8B<br>3ER 4H,151
CUL,Efrain Contreras,0,9P 5S 4B<br>0ER 0H,0,15P 8S 7B<br>1ER 2H,0,14P 10S 4B<br>0ER 1H,0,26P 22S 4B<br>0ER 2H,0,0,12P 10S 2B<br>1ER 1H,0,10P 7S 3B<br>0ER 0H,0,0,13P 6S 7B<br>0ER 0H,0,0,11P 7S 4B<br>0ER 0H,0,0,0,22P 15S 7B<br>0ER 1H,19P 12S 7B<br>1ER 1H,0,0,0,151
MTY,Arturo Roque,37P 21S 16B<br>1ER 2H,0,0,0,0,0,28P 15S 13B<br>1ER 2H,0,9P 7S 2B<br>0ER 1H,0,0,28P 15S 13B<br>0ER 0H,0,0,0,0,0,0,0,0,0,0,47P 31S 16B<br>1ER 3H,0,0,0,0,149
MAZ,Alexandro Tovalin,0,0,0,0,0,7P 5S 2B<br>0ER 1H,10P 5S 5B<br>2ER 0H,0,0,6P 3S 3B<br>0ER 0H,21P 11S 10B<br>2ER 1H,8P 4S 4B<br>0ER 0H,0,0,0,0,0,0,21P 14S 7B<br>0ER 1H,21P 13S 8B<br>0ER 0H,0,16P 10S 6B<br>0ER 2H,0,0,38P 22S 16B<br>1ER 2H,0,0,148
MXC,Jose Isidro Marquez,0,0,0,0,13P 10S 3B<br>1ER 1H,0,16P 7S 9B<br>0ER 0H,0,11P 8S 3B<br>0ER 0H,0,5P 4S 1B<br>1ER 1H,0,0,33P 16S 17B<br>0ER 1H,0,6P 3S 3B<br>0ER 0H,0,0,0,14P 7S 7B<br>0ER 0H,16P 7S 9B<br>2ER 1H,0,16P 10S 6B<br>0ER 0H,0,0,17P 10S 7B<br>0ER 0H,0,147
OBR,Juan Robles,16P 8S 8B<br>0ER 0H,0,21P 15S 6B<br>0ER 1H,0,9P 5S 4B<br>0ER 1H,0,15P 10S 5B<br>0ER 1H,0,0,0,15P 11S 4B<br>0ER 0H,0,0,0,14P 8S 6B<br>0ER 0H,0,0,17P 9S 8B<br>0ER 0H,0,0,0,8P 6S 2B<br>0ER 1H,12P 7S 5B<br>0ER 0H,0,4P 3S 1B<br>0ER 0H,15P 9S 6B<br>0ER 0H,0,146
NAV,Alex Valverde,0,0,0,0,0,0,0,0,0,0,0,0,0,0,0,0,27P 16S 11B<br>0ER 1H,0,15P 8S 7B<br>0ER 0H,0,0,19P 7S 12B<br>2ER 1H,25P 13S 12B<br>0ER 2H,19P 11S 8B<br>0ER 0H,14P 10S 4B<br>0ER 1H,0,26P 15S 11B<br>1ER 2H,145
JAL,Trevor Clifton,0,11P 8S 3B<br>0ER 0H,0,0,13P 8S 5B<br>0ER 0H,0,43P 21S 22B<br>0ER 2H,0,0,0,0,0,0,0,0,19P 12S 7B<br>0ER 1H,15P 10S 5B<br>0ER 1H,0,0,14P 9S 5B<br>0ER 0H,10P 6S 4B<br>0ER 1H,0,0,0,0,20P 13S 7B<br>0ER 1H,0,145
MXC,Clayton Andrews,0,0,0,0,17P 10S 7B<br>3ER 2H,0,26P 14S 12B<br>0ER 0H,0,14P 11S 3B<br>0ER 0H,0,9P 6S 3B<br>0ER 1H,0,5P 3S 2B<br>0ER 0H,10P 7S 3B<br>0ER 0H,0,12P 10S 2B<br>0ER 0H,0,0,0,25P 14S 11B<br>2ER 2H,0,27P 16S 11B<br>0ER 0H,0,0,0,0,0,145
MOC,Vicente Valenzuela,0,0,28P 18S 10B<br>0ER 2H,0,0,0,0,44P 27S 17B<br>1ER 1H,0,0,0,0,33P 19S 14B<br>1ER 2H,0,0,0,0,0,15P 10S 5B<br>0ER 1H,0,0,0,0,0,11P 9S 2B<br>0ER 0H,0,12P 7S 5B<br>1ER 1H,143
MTY,Mario Garcia,0,0,0,0,0,0,0,31P 20S 11B<br>0ER 1H,0,24P 14S 10B<br>0ER 1H,0,0,18P 12S 6B<br>0ER 0H,0,0,24P 10S 14B<br>0ER 0H,0,23P 16S 7B<br>2ER 4H,0,0,1P 1S 0B<br>0ER 1H,20P 12S 8B<br>0ER 1H,0,0,0,0,0,141
MAZ,Demetrio Gutierrez,0,26P 15S 11B<br>0ER 1H,0,2P 1S 1B<br>0ER 0H,12P 6S 6B<br>0ER 0H,8P 7S 1B<br>0ER 0H,24P 16S 8B<br>0ER 0H,0,0,0,6P 2S 4B<br>1ER 0H,0,6P 3S 3B<br>0ER 0H,0,0,0,3P 2S 1B<br>0ER 0H,0,21P 16S 5B<br>0ER 1H,0,20P 14S 6B<br>0ER 0H,0,0,0,0,13P 9S 4B<br>0ER 0H,0,141
OBR,Edwin Fierro,13P 9S 4B<br>0ER 1H,22P 16S 6B<br>1ER 3H,0,9P 5S 4B<br>0ER 0H,12P 8S 4B<br>0ER 0H,18P 11S 7B<br>0ER 0H,5P 4S 1B<br>0ER 1H,0,9P 7S 2B<br>0ER 0H,14P 10S 4B<br>0ER 0H,0,0,16P 12S 4B<br>0ER 2H,12P 8S 4B<br>0ER 0H,0,11P 6S 5B<br>1ER 1H,0,0,0,0,0,0,0,0,0,0,0,141
MOC,Manuel Alvarez,0,0,0,0,0,0,0,0,0,0,0,0,0,0,14P 9S 5B<br>0ER 1H,0,20P 11S 9B<br>0ER 0H,27P 13S 14B<br>0ER 1H,13P 7S 6B<br>1ER 1H,0,0,25P 13S 12B<br>0ER 2H,18P 8S 10B<br>0ER 0H,12P 7S 5B<br>0ER 0H,0,0,11P 6S 5B<br>3ER 3H,140
NAV,Erick Preciado,0,0,0,0,0,0,0,0,46P 29S 17B<br>2ER 5H,0,0,0,0,0,0,0,0,0,0,46P 26S 20B<br>0ER 2H,0,0,26P 16S 10B<br>0ER 2H,0,0,22P 15S 7B<br>1ER 3H,0,140
JAL,Dario Gardea,10P 7S 3B<br>0ER 1H,12P 6S 6B<br>0ER 2H,0,15P 9S 6B<br>0ER 0H,0,0,0,0,0,16P 10S 6B<br>0ER 0H,0,15P 9S 6B<br>0ER 1H,20P 14S 6B<br>0ER 1H,0,0,0,0,11P 6S 5B<br>0ER 0H,18P 6S 12B<br>0ER 0H,0,0,0,23P 15S 8B<br>0ER 1H,0,0,0,0,140
JAL,Ivan Zavala,16P 8S 8B<br>0ER 0H,0,0,0,0,40P 22S 18B<br>0ER 0H,0,8P 6S 2B<br>0ER 0H,0,0,0,0,34P 17S 17B<br>0ER 3H,0,0,0,0,0,8P 5S 3B<br>0ER 1H,0,0,14P 7S 7B<br>2ER 1H,0,20P 9S 11B<br>0ER 0H,0,0,0,140
JAL,Miguel Aguilar,0,10P 6S 4B<br>0ER 0H,19P 12S 7B<br>0ER 0H,0,9P 5S 4B<br>0ER 0H,0,0,0,17P 11S 6B<br>1ER 1H,0,4P 3S 1B<br>0ER 0H,17P 13S 4B<br>0ER 0H,0,10P 5S 5B<br>0ER 1H,22P 14S 8B<br>2ER 1H,0,0,0,0,0,6P 5S 1B<br>0ER 0H,26P 15S 11B<br>0ER 0H,0,0,0,0,0,140
JAL,Antonio Garzon,0,0,0,9P 4S 5B<br>0ER 0H,10P 5S 5B<br>0ER 0H,9P 5S 4B<br>0ER 0H,0,18P 11S 7B<br>0ER 2H,13P 6S 7B<br>0ER 0H,19P 13S 6B<br>2ER 2H,0,10P 4S 6B<br>0ER 0H,21P 13S 8B<br>0ER 1H,0,6P 3S 3B<br>2ER 1H,0,0,7P 6S 1B<br>0ER 0H,0,0,0,0,6P 3S 3B<br>0ER 0H,0,11P 7S 4B<br>0ER 0H,0,0,139
NAV,Damian Mendoza,0,0,0,0,34P 20S 14B<br>0ER 1H,0,0,0,55P 36S 19B<br>1ER 3H,0,0,0,20P 11S 9B<br>1ER 1H,13P 10S 3B<br>0ER 1H,0,16P 10S 6B<br>0ER 0H,0,0,0,0,0,0,0,0,0,0,0,138
JAL,Isaac Jimenez,0,0,9P 5S 4B<br>0ER 0H,0,12P 9S 3B<br>0ER 0H,0,21P 11S 10B<br>0ER 1H,0,0,0,23P 15S 8B<br>0ER 2H,10P 6S 4B<br>0ER 0H,0,7P 5S 2B<br>0ER 0H,15P 8S 7B<br>1ER 1H,0,0,0,14P 9S 5B<br>0ER 0H,0,0,13P 10S 3B<br>0ER 1H,0,12P 6S 6B<br>0ER 0H,0,0,0,136
NAV,Esteban Haro,0,18P 9S 9B<br>0ER 1H,0,0,22P 13S 9B<br>1ER 2H,9P 5S 4B<br>2ER 3H,0,0,0,13P 6S 7B<br>0ER 0H,0,0,27P 17S 10B<br>0ER 2H,0,0,0,0,7P 5S 2B<br>2ER 2H,0,0,19P 13S 6B<br>1ER 2H,0,10P 8S 2B<br>0ER 0H,0,0,10P 7S 3B<br>0ER 0H,0,135
NAV,Francisco Haro,0,12P 9S 3B<br>1ER 2H,0,0,0,17P 12S 5B<br>0ER 1H,16P 9S 7B<br>1ER 3H,0,0,0,12P 8S 4B<br>0ER 0H,10P 6S 4B<br>1ER 1H,0,14P 9S 5B<br>0ER 0H,0,10P 6S 4B<br>0ER 0H,0,0,11P 9S 2B<br>0ER 0H,0,0,9P 7S 2B<br>0ER 0H,0,24P 14S 10B<br>0ER 1H,0,0,0,135
JAL,Alberto Leyva,19P 10S 9B<br>0ER 1H,0,0,18P 10S 8B<br>0ER 0H,0,13P 5S 8B<br>0ER 0H,0,0,6P 4S 2B<br>0ER 0H,15P 7S 8B<br>0ER 0H,0,6P 4S 2B<br>0ER 0H,0,0,13P 6S 7B<br>2ER 1H,0,0,22P 10S 12B<br>1ER 1H,0,0,0,13P 8S 5B<br>0ER 1H,0,0,9P 7S 2B<br>0ER 0H,0,0,134
JAL,Adrian Gusman,0,25P 17S 8B<br>0ER 1H,0,8P 6S 2B<br>0ER 0H,0,0,0,0,14P 9S 5B<br>0ER 1H,0,36P 22S 14B<br>0ER 1H,10P 7S 3B<br>0ER 0H,0,0,9P 7S 2B<br>0ER 0H,0,14P 8S 6B<br>0ER 0H,0,12P 9S 3B<br>0ER 0H,1P 1S 0B<br>0ER 0H,0,3P 2S 1B<br>0ER 0H,0,0,0,0,0,132
NAV,Denny Roman,20P 15S 5B<br>0ER 1H,0,0,0,"2P 1S 1B<br>0ER 0H

5P 1S 4B<br>0ER 0H",8P 4S 4B<br>1ER 1H,2P 2S 0B<br>0ER 0H,0,0,12P 8S 4B<br>2ER 2H,4P 3S 1B<br>0ER 0H,11P 6S 5B<br>3ER 3H,0,0,0,0,0,0,12P 8S 4B<br>0ER 0H,0,0,9P 6S 3B<br>0ER 0H,17P 10S 7B<br>0ER 0H,11P 4S 7B<br>2ER 2H,0,16P 12S 4B<br>0ER 1H,0,129
MTY,Ricardo Chapa,0,0,0,0,0,0,0,25P 12S 13B<br>0ER 0H,0,0,0,0,11P 8S 3B<br>0ER 0H,0,0,0,41P 24S 17B<br>0ER 1H,0,0,0,22P 13S 9B<br>0ER 2H,0,17P 11S 6B<br>2ER 5H,0,10P 4S 6B<br>2ER 1H,0,0,126
HER,Thomas McIlraith,0,0,0,0,0,0,0,0,0,0,0,0,0,15P 12S 3B<br>0ER 0H,0,0,15P 7S 8B<br>0ER 1H,23P 16S 7B<br>0ER 1H,0,22P 13S 9B<br>0ER 1H,0,0,30P 19S 11B<br>1ER 1H,0,19P 11S 8B<br>0ER 1H,0,0,124
MTY,Joe Riley,0,0,0,0,0,0,0,0,0,22P 12S 10B<br>0ER 0H,0,0,20P 13S 7B<br>1ER 2H,0,0,25P 18S 7B<br>0ER 0H,0,0,0,0,0,0,22P 14S 8B<br>1ER 1H,12P 8S 4B<br>0ER 0H,0,21P 14S 7B<br>0ER 0H,0,122
CUL,David Gutierrez,3P 3S 0B<br>0ER 0H,0,19P 16S 3B<br>2ER 4H,0,0,6P 4S 2B<br>0ER 0H,11P 8S 3B<br>0ER 0H,0,12P 6S 6B<br>0ER 0H,11P 8S 3B<br>0ER 1H,0,20P 11S 9B<br>0ER 0H,0,0,0,6P 6S 0B<br>0ER 0H,2P 2S 0B<br>0ER 0H,0,0,9P 6S 3B<br>0ER 1H,0,10P 7S 3B<br>0ER 1H,0,0,12P 8S 4B<br>0ER 1H,0,0,121
OBR,Ulises Lopez,0,0,24P 15S 9B<br>0ER 0H,0,36P 23S 13B<br>0ER 2H,0,0,0,11P 5S 6B<br>0ER 1H,0,0,1P 1S 0B<br>0ER 0H,0,0,0,0,0,0,0,22P 15S 7B<br>0ER 0H,0,0,0,0,27P 13S 14B<br>1ER 1H,0,0,121
HER,Raul Barron,0,11P 7S 4B<br>0ER 1H,0,9P 7S 2B<br>0ER 0H,0,4P 3S 1B<br>0ER 0H,0,0,0,10P 7S 3B<br>0ER 0H,0,0,26P 18S 8B<br>0ER 1H,0,0,17P 11S 6B<br>2ER 1H,0,0,20P 12S 8B<br>0ER 1H,0,0,0,6P 2S 4B<br>0ER 0H,0,16P 10S 6B<br>1ER 2H,0,0,119
JAL,Cristian Alvarado,0,13P 9S 4B<br>0ER 0H,0,0,14P 9S 5B<br>0ER 0H,5P 4S 1B<br>0ER 0H,0,23P 12S 11B<br>4ER 3H,0,0,0,0,0,15P 8S 7B<br>1ER 0H,0,18P 9S 9B<br>2ER 1H,0,0,0,0,0,0,16P 8S 8B<br>1ER 2H,0,14P 9S 5B<br>1ER 3H,0,0,118
CUL,Ricardo Estrada,0,17P 8S 9B<br>0ER 0H,0,0,0,5P 3S 2B<br>0ER 0H,7P 5S 2B<br>0ER 1H,0,0,0,0,0,12P 5S 7B<br>0ER 1H,0,0,0,0,21P 9S 12B<br>0ER 0H,0,0,0,0,0,28P 16S 12B<br>0ER 1H,0,27P 13S 14B<br>3ER 2H,0,117
HER,Fernando Salas,0,0,0,18P 10S 8B<br>3ER 5H,7P 6S 1B<br>0ER 0H,7P 5S 2B<br>0ER 1H,15P 13S 2B<br>0ER 2H,0,9P 7S 2B<br>0ER 0H,0,24P 17S 7B<br>0ER 1H,14P 10S 4B<br>0ER 0H,0,22P 12S 10B<br>0ER 0H,0,0,0,0,0,0,0,0,0,0,0,0,0,116
GSV,Jesus Broca,0,24P 14S 10B<br>0ER 2H,0,0,0,10P 6S 4B<br>0ER 0H,0,10P 5S 5B<br>0ER 0H,0,0,21P 11S 10B<br>0ER 0H,0,0,4P 3S 1B<br>0ER 0H,0,0,0,16P 8S 8B<br>0ER 0H,0,0,0,0,22P 16S 6B<br>1ER 3H,0,8P 5S 3B<br>0ER 0H,0,0,115
NAV,Jonathan Partida,0,0,0,11P 6S 5B<br>0ER 1H,6P 5S 1B<br>0ER 0H,6P 2S 4B<br>0ER 0H,5P 3S 2B<br>0ER 0H,0,13P 6S 7B<br>0ER 0H,0,12P 8S 4B<br>0ER 0H,6P 2S 4B<br>1ER 0H,0,0,0,0,0,10P 6S 4B<br>0ER 1H,0,0,17P 13S 4B<br>0ER 1H,0,13P 6S 7B<br>0ER 0H,0,15P 9S 6B<br>1ER 1H,0,0,114
HER,Augusto Mendieta,30P 17S 13B<br>1ER 3H,0,0,0,0,0,0,0,0,0,0,0,0,0,24P 17S 7B<br>0ER 0H,0,0,0,0,0,27P 16S 11B<br>0ER 0H,0,0,32P 19S 13B<br>0ER 3H,0,0,0,113
MXC,Yamil Castillo,0,0,0,0,0,0,0,0,0,0,0,16P 11S 5B<br>0ER 1H,0,20P 14S 6B<br>1ER 2H,0,0,0,0,30P 12S 18B<br>2ER 0H,0,20P 11S 9B<br>0ER 1H,0,0,6P 4S 2B<br>0ER 0H,0,0,20P 15S 5B<br>1ER 2H,112
MTY,Nathanael Santiago,0,0,0,15P 7S 8B<br>0ER 1H,0,8P 3S 5B<br>0ER 0H,0,0,15P 8S 7B<br>0ER 1H,0,15P 9S 6B<br>0ER 1H,0,12P 6S 6B<br>0ER 1H,0,0,17P 11S 6B<br>0ER 1H,0,0,0,0,21P 12S 9B<br>1ER 2H,5P 3S 2B<br>0ER 1H,0,0,2P 0S 2B<br>0ER 0H,0,1P 1S 0B<br>1ER 1H,111
MOC,Jonas Garibay,0,21P 13S 8B<br>0ER 1H,0,0,16P 12S 4B<br>1ER 2H,0,0,24P 16S 8B<br>1ER 2H,11P 9S 2B<br>0ER 1H,0,0,0,0,0,0,0,0,0,0,0,0,0,0,0,35P 25S 10B<br>1ER 4H,0,0,107
MAZ,Andres Ivan Meza,0,13P 9S 4B<br>0ER 0H,0,15P 10S 5B<br>0ER 2H,5P 3S 2B<br>1ER 1H,0,0,0,0,20P 11S 9B<br>0ER 1H,0,0,6P 3S 3B<br>0ER 0H,0,0,7P 4S 3B<br>0ER 0H,2P 2S 0B<br>0ER 0H,0,0,0,15P 9S 6B<br>1ER 2H,0,0,0,0,21P 11S 10B<br>1ER 1H,0,104
MTY,Francisco Rios,0,0,0,0,0,0,9P 4S 5B<br>0ER 0H,32P 15S 17B<br>1ER 2H,0,0,10P 3S 7B<br>2ER 1H,0,0,0,0,0,0,0,0,0,7P 6S 1B<br>0ER 0H,0,23P 14S 9B<br>0ER 1H,8P 3S 5B<br>0ER 0H,0,0,14P 6S 8B<br>0ER 0H,103
MAZ,Victor Morales,20P 11S 9B<br>0ER 0H,0,0,0,0,7P 5S 2B<br>0ER 0H,0,23P 15S 8B<br>0ER 0H,0,0,0,9P 5S 4B<br>0ER 0H,0,11P 3S 8B<br>2ER 0H,0,6P 6S 0B<br>0ER 0H,0,0,0,14P 7S 7B<br>0ER 2H,0,0,0,0,10P 9S 1B<br>0ER 0H,0,0,100
GSV,Peyton Gray,0,0,0,10P 3S 7B<br>0ER 0H,0,0,0,0,0,0,0,0,0,0,0,17P 14S 3B<br>0ER 1H,0,0,12P 9S 3B<br>0ER 0H,0,21P 15S 6B<br>0ER 1H,0,22P 13S 9B<br>0ER 1H,0,18P 12S 6B<br>0ER 1H,0,0,100
JAL,Joe Jones,0,0,0,0,0,0,0,0,0,0,0,0,0,0,0,14P 9S 5B<br>1ER 2H,0,21P 9S 12B<br>0ER 0H,3P 2S 1B<br>0ER 0H,0,12P 7S 5B<br>1ER 2H,0,8P 6S 2B<br>0ER 0H,16P 9S 7B<br>0ER 1H,21P 10S 11B<br>0ER 1H,0,0,95
CUL,Carlos Machorro,0,9P 6S 3B<br>0ER 1H,0,12P 7S 5B<br>0ER 0H,0,0,0,20P 12S 8B<br>0ER 0H,0,0,0,0,12P 7S 5B<br>4ER 3H,0,0,0,0,0,0,0,0,0,0,0,0,15P 10S 5B<br>0ER 1H,24P 16S 8B<br>1ER 3H,92
HER,Ozzie Mendez,0,21P 15S 6B<br>1ER 2H,0,0,2P 1S 1B<br>0ER 0H,3P 2S 1B<br>0ER 0H,0,5P 3S 2B<br>0ER 1H,18P 9S 9B<br>0ER 0H,0,0,0,0,0,0,9P 6S 3B<br>0ER 1H,0,0,11P 5S 6B<br>0ER 0H,0,0,0,1P 1S 0B<br>0ER 0H,0,14P 10S 4B<br>0ER 0H,7P 3S 4B<br>1ER 0H,0,91
MOC,Tomas Solis,0,10P 6S 4B<br>0ER 0H,13P 6S 7B<br>0ER 1H,8P 5S 3B<br>0ER 0H,0,0,16P 10S 6B<br>0ER 0H,0,0,0,0,5P 3S 2B<br>0ER 0H,3P 2S 1B<br>0ER 1H,0,0,0,0,0,0,0,4P 3S 1B<br>0ER 0H,6P 4S 2B<br>0ER 0H,1P 1S 0B<br>0ER 0H,9P 6S 3B<br>0ER 0H,13P 6S 7B<br>0ER 1H,0,0,88
OBR,Ernesto Zaragoza,0,11P 7S 4B<br>0ER 0H,0,0,0,0,8P 6S 2B<br>0ER 2H,0,0,0,0,13P 9S 4B<br>0ER 1H,0,0,0,13P 5S 8B<br>0ER 0H,0,12P 10S 2B<br>1ER 2H,0,0,30P 16S 14B<br>2ER 3H,0,0,0,0,0,0,87
MOC,Adrian Hernandez,16P 10S 6B<br>0ER 0H,0,11P 5S 6B<br>2ER 2H,0,0,0,0,20P 11S 9B<br>0ER 1H,0,15P 10S 5B<br>0ER 1H,0,9P 6S 3B<br>0ER 0H,14P 7S 7B<br>0ER 1H,0,0,0,0,0,0,0,0,0,0,0,0,0,0,85
MTY,Ivan Salas,0,0,0,0,0,1P 1S 0B<br>0ER 0H,8P 6S 2B<br>0ER 2H,0,2P 1S 1B<br>0ER 0H,6P 2S 4B<br>0ER 0H,11P 5S 6B<br>1ER 1H,2P 2S 0B<br>0ER 0H,7P 3S 4B<br>1ER 0H,0,0,6P 3S 3B<br>0ER 0H,0,3P 2S 1B<br>0ER 0H,7P 5S 2B<br>0ER 1H,0,0,4P 3S 1B<br>0ER 0H,0,4P 2S 2B<br>0ER 1H,0,6P 4S 2B<br>0ER 0H,18P 10S 8B<br>0ER 1H,85
MOC,Jose Luna,0,18P 13S 5B<br>0ER 0H,0,9P 4S 5B<br>0ER 0H,0,0,6P 2S 4B<br>0ER 0H,0,0,0,0,0,1P 1S 0B<br>0ER 0H,0,0,13P 7S 6B<br>0ER 2H,0,0,11P 3S 8B<br>0ER 0H,0,0,12P 8S 4B<br>0ER 1H,0,3P 1S 2B<br>0ER 0H,0,0,11P 6S 5B<br>0ER 0H,84
MAZ,Alejandro Soto,0,0,0,0,0,14P 7S 7B<br>0ER 0H,0,14P 11S 3B<br>0ER 1H,0,4P 3S 1B<br>0ER 0H,0,0,15P 10S 5B<br>0ER 1H,0,0,0,0,18P 14S 4B<br>0ER 1H,9P 7S 2B<br>0ER 0H,0,0,0,0,0,0,0,10P 7S 3B<br>0ER 1H,84
MAZ,Amilcar Gaxiola,0,19P 11S 8B<br>0ER 0H,0,0,0,0,0,23P 15S 8B<br>1ER 2H,0,0,0,0,0,0,37P 22S 15B<br>2ER 3H,0,0,0,0,0,0,0,0,0,0,0,0,79
GSV,Christian Crespo,0,0,0,0,0,0,0,30P 17S 13B<br>1ER 1H,0,0,0,0,0,0,47P 23S 24B<br>0ER 1H,0,0,0,0,0,0,0,0,0,0,0,0,77
HER,Javier Rodriguez,28P 15S 13B<br>0ER 2H,0,0,0,0,0,0,0,0,0,0,0,0,0,0,0,0,0,0,0,36P 14S 22B<br>0ER 0H,0,0,0,0,0,13P 7S 6B<br>0ER 0H,77
MXC,Pedro Santillan,0,0,0,0,0,0,0,0,19P 12S 7B<br>2ER 2H,0,0,0,0,0,0,0,0,0,25P 13S 12B<br>0ER 0H,0,0,0,0,0,0,0,33P 17S 16B<br>2ER 2H,77
MOC,DJ Johnson,0,15P 10S 5B<br>0ER 0H,0,9P 7S 2B<br>0ER 0H,0,17P 10S 7B<br>0ER 0H,0,0,0,0,23P 14S 9B<br>1ER 2H,0,12P 5S 7B<br>2ER 2H,0,0,0,0,0,0,0,0,0,0,0,0,0,0,76
HER,Saul Arias,27P 15S 12B<br>2ER 2H,0,0,0,0,0,0,0,14P 6S 8B<br>0ER 0H,0,0,0,0,0,13P 6S 7B<br>0ER 0H,0,0,0,0,0,0,0,0,21P 10S 11B<br>1ER 2H,0,0,0,75
CUL,Luis Aguayo,0,0,0,0,14P 11S 3B<br>0ER 1H,0,0,0,0,0,0,0,0,0,0,0,0,0,0,19P 10S 9B<br>1ER 1H,0,0,0,0,0,41P 21S 20B<br>0ER 1H,0,74
GSV,Kevin Ribon,0,0,0,0,0,0,3P 2S 1B<br>0ER 0H,0,0,0,0,0,0,0,37P 22S 15B<br>2ER 4H,0,0,0,0,0,0,32P 19S 13B<br>1ER 3H,0,0,0,0,0,72
MAZ,Ernesto Borges,0,0,0,0,0,0,0,20P 10S 10B<br>0ER 2H,0,0,0,0,0,0,0,0,0,0,0,0,0,0,23P 11S 12B<br>1ER 1H,0,0,0,26P 11S 15B<br>2ER 3H,69
CUL,Axel Sauceda,0,0,0,0,0,0,0,0,0,0,0,0,27P 19S 8B<br>1ER 2H,0,0,0,0,0,0,0,0,0,0,24P 16S 8B<br>0ER 0H,0,0,18P 10S 8B<br>0ER 1H,69
MOC,Frank Moscatiello,0,14P 2S 12B<br>1ER 0H,0,0,15P 7S 8B<br>0ER 0H,0,0,40P 18S 22B<br>0ER 1H,0,0,0,0,0,0,0,0,0,0,0,0,0,0,0,0,0,0,0,69
MTY,Carlos Medina,0,0,0,0,0,0,0,0,0,0,0,0,0,29P 18S 11B<br>3ER 3H,0,0,0,0,15P 12S 3B<br>0ER 0H,0,0,0,24P 15S 9B<br>0ER 2H,0,0,0,0,68
GSV,Jeff Ibarra,0,0,0,0,0,10P 5S 5B<br>0ER 1H,3P 2S 1B<br>0ER 2H,0,14P 6S 8B<br>0ER 0H,5P 2S 3B<br>0ER 0H,0,5P 1S 4B<br>1ER 0H,0,0,31P 22S 9B<br>0ER 2H,0,0,0,0,0,0,0,0,0,0,0,0,68
HER,Jose Albertos,0,0,0,0,0,0,0,0,0,0,0,0,10P 7S 3B<br>0ER 0H,0,0,0,0,0,17P 7S 10B<br>1ER 1H,0,0,0,38P 20S 18B<br>1ER 2H,0,0,0,0,65
OBR,Saul Vazquez,0,0,0,0,0,0,0,15P 13S 2B<br>0ER 1H,0,0,0,0,0,0,0,0,0,0,50P 35S 15B<br>0ER 1H,0,0,0,0,0,0,0,0,65
MAZ,Fernando Burgueno,0,0,0,0,0,0,0,0,0,0,0,0,0,21P 12S 9B<br>0ER 2H,0,0,0,15P 10S 5B<br>1ER 2H,0,0,0,0,0,0,0,0,29P 20S 9B<br>1ER 3H,65
MAZ,Sammy Tavarez,0,0,0,0,0,0,0,0,0,0,0,0,0,0,0,0,0,0,0,0,0,0,24P 11S 13B<br>0ER 1H,28P 18S 10B<br>1ER 2H,0,12P 6S 6B<br>1ER 2H,0,64
MXC,Jose Luis Reyes,0,0,0,0,0,0,0,0,0,0,0,0,0,0,0,0,0,0,30P 15S 15B<br>1ER 3H,0,0,0,0,0,0,0,34P 20S 14B<br>2ER 4H,64
GSV,Edwin Cervantes,0,0,0,0,0,0,4P 2S 2B<br>0ER 0H,0,0,0,0,0,13P 6S 7B<br>0ER 0H,0,12P 7S 5B<br>0ER 0H,0,0,0,0,0,0,15P 8S 7B<br>0ER 0H,0,0,0,0,20P 12S 8B<br>0ER 1H,64
JAL,Edgar Manzo,23P 13S 10B<br>1ER 1H,2P 1S 1B<br>1ER 1H,0,0,0,0,0,0,0,0,0,0,36P 21S 15B<br>1ER 1H,0,0,0,0,0,0,0,0,0,0,0,0,0,0,61
MAZ,Adolfo Ramirez,0,0,0,0,0,0,0,0,0,11P 5S 6B<br>0ER 2H,0,0,0,0,13P 11S 2B<br>0ER 0H,0,0,12P 7S 5B<br>0ER 0H,19P 13S 6B<br>1ER 2H,0,0,0,0,4P 3S 1B<br>0ER 0H,0,0,0,59
JAL,Alejandro Morales,0,0,0,0,0,24P 15S 9B<br>0ER 1H,0,0,16P 9S 7B<br>0ER 2H,0,18P 10S 8B<br>0ER 2H,0,0,0,0,0,0,0,0,0,0,0,0,0,0,0,0,58
GSV,Jesus Huerta,0,26P 19S 7B<br>1ER 2H,0,0,0,0,0,0,0,8P 6S 2B<br>1ER 1H,0,22P 13S 9B<br>4ER 3H,0,0,0,0,0,0,0,0,0,0,0,0,0,0,0,56
MXC,Mario Jimenez,0,0,0,0,18P 11S 7B<br>0ER 2H,0,9P 3S 6B<br>1ER 0H,0,0,0,0,0,0,17P 9S 8B<br>2ER 1H,0,0,0,0,9P 1S 8B<br>0ER 0H,0,0,0,0,0,0,0,0,53
MXC,Reynaldo Alvarez,0,0,0,0,0,0,0,0,0,0,0,0,0,0,0,0,0,0,0,0,0,21P 11S 10B<br>0ER 0H,15P 12S 3B<br>4ER 5H,16P 10S 6B<br>0ER 1H,0,0,0,52
MAZ,Alex Speas,18P 8S 10B<br>3ER 1H,0,0,0,0,0,0P 0S 0B<br>0ER 2H,0,13P 9S 4B<br>0ER 0H,0,0,21P 12S 9B<br>1ER 1H,0,0,0,0,0,0,0,0,0,0,0,0,0,0,0,52
CUL,Ruben Reyes,0,17P 12S 5B<br>0ER 2H,0,0,0,0,0,0,0,0,0,0,0,0,0,0,0,0,0,0,3P 1S 2B<br>0ER 0H,0,0,21P 12S 9B<br>1ER 2H,0,0,9P 7S 2B<br>0ER 0H,50
GSV,Geno Encina,0,0,0,0,0,0,0,0,12P 5S 7B<br>0ER 0H,0,0,38P 21S 17B<br>2ER 3H,0,0,0,0,0,0,0,0,0,0,0,0,0,0,0,50
HER,Jorge Rodriguez,0,0,0,0,0,0,0,0,9P 5S 4B<br>0ER 0H,0,0,0,0,0,29P 18S 11B<br>2ER 3H,0,0,0,11P 4S 7B<br>0ER 0H,0,0,0,0,0,0,0,0,49
MTY,Francisco Villegas,0,0,0,0,0,0,0,0,0,0,0,0,0,9P 5S 4B<br>0ER 1H,0,9P 5S 4B<br>0ER 0H,7P 5S 2B<br>0ER 0H,0,1P 1S 0B<br>1ER 1H,0,0,0,6P 4S 2B<br>0ER 0H,0,13P 9S 4B<br>0ER 1H,0,4P 2S 2B<br>0ER 1H,49
MXC,Patricio Ress,0,0,0,0,9P 6S 3B<br>0ER 1H,0,13P 8S 5B<br>1ER 2H,0,0,0,0,0,0,0,0,0,0,0,22P 12S 10B<br>0ER 2H,3P 3S 0B<br>0ER 0H,0,0,0,0,0,0,0,47
MOC,Dauris Valdez,0,0,0,0,0,0,0,0,0,0,0,0,0,0,0,0,0,0,0,0,0,0,14P 9S 5B<br>0ER 0H,0,23P 7S 16B<br>1ER 1H,0,9P 8S 1B<br>0ER 1H,46
OBR,DJ Johnson,0,0,0,0,0,0,0,0,0,0,0,0,0,0,0,0,0,0,0,0,0,18P 8S 10B<br>0ER 0H,10P 3S 7B<br>2ER 1H,0,17P 9S 8B<br>0ER 0H,0,0,45
MTY,Austin Hansen,0,0,19P 7S 12B<br>0ER 0H,17P 12S 5B<br>0ER 1H,0,8P 3S 5B<br>1ER 1H,0,0,0,0,0,0,0,0,0,0,0,0,0,0,0,0,0,0,0,0,0,44
HER,Anibal Cervantes,13P 9S 4B<br>5ER 5H,0,0,0,0,0,0,0,0,0,0,0,0,0,0,0,0,0,0,0,0,0,7P 5S 2B<br>0ER 0H,0,23P 15S 8B<br>0ER 2H,0,0,43
HER,Enrique Castillo,0,0,0,0,0,0,0,0,0,0,0,0,0,0,0,0,0,0,28P 20S 8B<br>0ER 1H,0,0,0,0,0,0,13P 8S 5B<br>0ER 0H,0,41
OBR,Ruben Salinas,0,0,11P 5S 6B<br>0ER 0H,0,2P 1S 1B<br>0ER 0H,0,1P 1S 0B<br>0ER 0H,0,0,0,0,8P 6S 2B<br>1ER 1H,0,0,0,2P 1S 1B<br>0ER 0H,0,3P 2S 1B<br>0ER 0H,0,0,12P 4S 8B<br>3ER 1H,0,0,0,0,0,0,39
JAL,Aldo Ramirez,0,0,0,0,0,0,0,38P 18S 20B<br>0ER 2H,0,0,0,0,0,0,0,0,0,0,0,0,0,0,0,0,0,0,0,38
OBR,Dallas Martinez,0,0,0,0,0,0,0,0,0,0,0,14P 9S 5B<br>0ER 2H,0,0,0,0,0,0,0,20P 11S 9B<br>0ER 2H,0,0,0,0,0,0,0,34
MOC,Juan Gámez,0,0,0,0,0,0,0,0,0,0,0,0,0,0,0,0,0,0,0,0,0,0,0,15P 5S 10B<br>0ER 1H,0,0,17P 10S 7B<br>0ER 1H,32
GSV,Manuel Castro,0,0,0,0,0,0,0,0,0,0,0,0,0,0,0,0,0,0,0,0,0,0,0,20P 12S 8B<br>0ER 1H,0,10P 4S 6B<br>0ER 0H,0,30
MOC,Fredy Quintero,0,0,0,0,0,0,0,18P 11S 7B<br>4ER 3H,0,0,0,0,0,12P 7S 5B<br>0ER 0H,0,0,0,0,0,0,0,0,0,0,0,0,0,30
MAZ,Daniel Cruz,0,9P 8S 1B<br>1ER 2H,0,0,20P 12S 8B<br>0ER 2H,0,0,0,0,0,0,0,0,0,0,0,0,0,0,0,0,0,0,0,0,0,0,29
GSV,Ian Medina,2P 2S 0B<br>0ER 0H,0,0,0,0,0,0,18P 9S 9B<br>0ER 0H,0,0,0,5P 2S 3B<br>0ER 0H,0,4P 0S 4B<br>1ER 0H,0,0,0,0,0,0,0,0,0,0,0,0,0,29
GSV,Oscar Rojas,0,29P 15S 14B<br>2ER 2H,0,0,0,0,0,0,0,0,0,0,0,0,0,0,0,0,0,0,0,0,0,0,0,0,0,29
MAZ,Irving Medina,0,0,0,0,0,0,0,0,0,0,0,0,0,0,15P 8S 7B<br>0ER 0H,0,0,0,0,0,0,0,0,0,0,13P 8S 5B<br>0ER 0H,0,28
MOC,Manuel Urias,0,0,0,0,0,0,0,0,0,0,0,0,27P 12S 15B<br>3ER 1H,0,0,0,0,0,0,0,0,0,0,0,0,0,0,27
MAZ,Jovany Lopez,0,12P 6S 6B<br>1ER 0H,0,0,0,13P 8S 5B<br>2ER 3H,0,0,0,0,0,0,0,0,0,0,0,0,0,0,0,0,0,0,0,0,0,25
HER,Orlando Gonzalez,0,0,0,0,0,10P 5S 5B<br>1ER 2H,0,0,0,0,0,0,0,0,0,0,0,0,0,0,4P 3S 1B<br>0ER 0H,0,0,0,0,0,9P 7S 2B<br>0ER 0H,23
MTY,Carlos De Leon,0,0,0,0,0,0,21P 16S 5B<br>2ER 3H,0,0,0,0,0,0,0,0,0,0,0,0,0,0,0,0,0,0,0,0,21
MXC,Gabriel Ponce,0,0,0,0,0,0,0,0,0,0,0,0,0,0,0,0,0,0,0,0,0,0,0,0,14P 7S 7B<br>0ER 0H,7P 5S 2B<br>0ER 1H,0,21
JAL,Dereck Rodríguez,0,0,0,0,0,0,0,0,0,0,0,0,0,20P 12S 8B<br>0ER 2H,0,0,0,0,0,0,0,0,0,0,0,0,0,20
HER,Joel Ibarra,0,0,0,0,0,0,0,0,0,0,0,0,0,0,0,0,0,0,0,0,0,0,0,0,0,0,20P 8S 12B<br>0ER 0H,20
NAV,Daniel Zazueta,0,0,0,0,0,0,0,0,0,0,0,0,0,0,0,0,0,0,0,0,0,0,4P 3S 1B<br>0ER 0H,0,13P 9S 4B<br>0ER 0H,0,0,17
CUL,Jose Bravo,0,0,0,0,0,16P 10S 6B<br>1ER 2H,0,0,0,0,0,0,0,0,0,0,0,0,0,0,0,0,0,0,0,0,0,16
OBR,Fernando Sanchez,0,0,0,0,0,0,0,0,0,0,0,0,0,0,0,0,0,0,0,0,0,0,0,15P 12S 3B<br>0ER 1H,0,0,0,15
MTY,Cristian Castillo,15P 9S 6B<br>2ER 1H,0,0,0,0,0,0,0,0,0,0,0,0,0,0,0,0,0,0,0,0,0,0,0,0,0,0,15
CUL,Diego Castro,0,0,0,0,0,0,0,0,0,0,0,0,0,0,0,0,0,0,0,0,13P 7S 6B<br>1ER 1H,0,0,0,0,0,0,13
JAL,Jared Wilson,0,0,0,0,0,0,0,0,0,0,0,0,0,0,0,0,0,0,0,0,0,0,0,0,0,12P 8S 4B<br>0ER 0H,0,12
MOC,Marco Fregozo,0,0,0,0,0,0,0,0,0,0,0,0,0,0,0,0,0,0,0,0,0,0,0,0,0,0,10P 6S 4B<br>0ER 0H,10
MTY,Angel Garza,0,0,0,0,0,0,0,0,0,0,0,0,0,0,0,0,0,0,0,0,0,9P 5S 4B<br>0ER 0H,0,0,0,0,0,9
